pride_id	comment[data file]	characteristics[strain/breed]	Fasta	exclude	exlude_reason
PXD000498	A14-07016.raw	Escherichia coli str. K-12 substr. MG1655	uniprot_UP000000625_17-11-22_K12	FALSE	
PXD000498	A14-07017.raw	Escherichia coli str. K-12 substr. MG1655	uniprot_UP000000625_17-11-22_K12	FALSE	
PXD000498	A14-07018.raw	Escherichia coli str. K-12 substr. MG1655	uniprot_UP000000625_17-11-22_K12	FALSE	
PXD000498	A14-07020.raw	Escherichia coli str. K-12 substr. NCM3722	uniprot_UP000036496_02-11-23_NCM3722	FALSE	
PXD000498	A14-07021.raw	Escherichia coli str. K-12 substr. NCM3722	uniprot_UP000036496_02-11-23_NCM3722	FALSE	
PXD000498	A14-07022.raw	Escherichia coli str. K-12 substr. NCM3722	uniprot_UP000036496_02-11-23_NCM3722	FALSE	
PXD000498	A14-07024.raw	Escherichia coli str. K-12 substr. MG1655	uniprot_UP000000625_17-11-22_K12	FALSE	
PXD000498	A14-07025.raw	Escherichia coli str. K-12 substr. MG1655	uniprot_UP000000625_17-11-22_K12	FALSE	
PXD000498	A14-07026.raw	Escherichia coli str. K-12 substr. MG1655	uniprot_UP000000625_17-11-22_K12	FALSE	
PXD000498	A14-07028.raw	Escherichia coli str. K-12 substr. NCM3722	uniprot_UP000036496_02-11-23_NCM3722	FALSE	
PXD000498	A14-07029.raw	Escherichia coli str. K-12 substr. NCM3722	uniprot_UP000036496_02-11-23_NCM3722	FALSE	
PXD000498	A14-07030.raw	Escherichia coli str. K-12 substr. NCM3722	uniprot_UP000036496_02-11-23_NCM3722	FALSE	
PXD000498	A14-07032.raw	Escherichia coli BW25113	uniprot_UP000029103_23-02-23_BW25113	FALSE	
PXD000498	A14-07033.raw	Escherichia coli BW25113	uniprot_UP000029103_23-02-23_BW25113	FALSE	
PXD000498	A14-07034.raw	Escherichia coli BW25113	uniprot_UP000029103_23-02-23_BW25113	FALSE	
PXD000498	A14-07036.raw	Escherichia coli BW25113	uniprot_UP000029103_23-02-23_BW25113	FALSE	
PXD000498	A14-07037.raw	Escherichia coli BW25113	uniprot_UP000029103_23-02-23_BW25113	FALSE	
PXD000498	A14-07038.raw	Escherichia coli BW25113	uniprot_UP000029103_23-02-23_BW25113	FALSE	
PXD000498	A14-07040.raw	Escherichia coli BW25113	uniprot_UP000029103_23-02-23_BW25113	FALSE	
PXD000498	A14-07041.raw	Escherichia coli BW25113	uniprot_UP000029103_23-02-23_BW25113	FALSE	
PXD000498	A14-07042.raw	Escherichia coli BW25113	uniprot_UP000029103_23-02-23_BW25113	FALSE	
PXD000498	A14-07044.raw	Escherichia coli BW25113	uniprot_UP000029103_23-02-23_BW25113	FALSE	
PXD000498	A14-07045.raw	Escherichia coli BW25113	uniprot_UP000029103_23-02-23_BW25113	FALSE	
PXD000498	A14-07046.raw	Escherichia coli BW25113	uniprot_UP000029103_23-02-23_BW25113	FALSE	
PXD000498	A14-07048.raw	Escherichia coli BW25113	uniprot_UP000029103_23-02-23_BW25113	FALSE	
PXD000498	A14-07049.raw	Escherichia coli BW25113	uniprot_UP000029103_23-02-23_BW25113	FALSE	
PXD000498	A14-07050.raw	Escherichia coli BW25113	uniprot_UP000029103_23-02-23_BW25113	FALSE	
PXD000498	A14-07052.raw	Escherichia coli BW25113	uniprot_UP000029103_23-02-23_BW25113	FALSE	
PXD000498	A14-07053.raw	Escherichia coli BW25113	uniprot_UP000029103_23-02-23_BW25113	FALSE	
PXD000498	A14-07054.raw	Escherichia coli BW25113	uniprot_UP000029103_23-02-23_BW25113	FALSE	
PXD000498	A14-07056.raw	Escherichia coli BW25113	uniprot_UP000029103_23-02-23_BW25113	FALSE	
PXD000498	A14-07057.raw	Escherichia coli BW25113	uniprot_UP000029103_23-02-23_BW25113	FALSE	
PXD000498	A14-07058.raw	Escherichia coli BW25113	uniprot_UP000029103_23-02-23_BW25113	FALSE	
PXD000498	A14-07060.raw	Escherichia coli BW25113	uniprot_UP000029103_23-02-23_BW25113	FALSE	
PXD000498	A14-07061.raw	Escherichia coli BW25113	uniprot_UP000029103_23-02-23_BW25113	FALSE	
PXD000498	A14-07062.raw	Escherichia coli BW25113	uniprot_UP000029103_23-02-23_BW25113	FALSE	
PXD000498	A14-07064.raw	Escherichia coli BW25113	uniprot_UP000029103_23-02-23_BW25113	FALSE	
PXD000498	A14-07065.raw	Escherichia coli BW25113	uniprot_UP000029103_23-02-23_BW25113	FALSE	
PXD000498	A14-07066.raw	Escherichia coli BW25113	uniprot_UP000029103_23-02-23_BW25113	FALSE	
PXD000498	A14-07068.raw	Escherichia coli BW25113	uniprot_UP000029103_23-02-23_BW25113	FALSE	
PXD000498	A14-07069.raw	Escherichia coli BW25113	uniprot_UP000029103_23-02-23_BW25113	FALSE	
PXD000498	A14-07070.raw	Escherichia coli BW25113	uniprot_UP000029103_23-02-23_BW25113	FALSE	
PXD000498	A14-07072.raw	Escherichia coli BW25113	uniprot_UP000029103_23-02-23_BW25113	FALSE	
PXD000498	A14-07073.raw	Escherichia coli BW25113	uniprot_UP000029103_23-02-23_BW25113	FALSE	
PXD000498	A14-07074.raw	Escherichia coli BW25113	uniprot_UP000029103_23-02-23_BW25113	FALSE	
PXD000498	A14-07076.raw	Escherichia coli BW25113	uniprot_UP000029103_23-02-23_BW25113	FALSE	
PXD000498	A14-07077.raw	Escherichia coli BW25113	uniprot_UP000029103_23-02-23_BW25113	FALSE	
PXD000498	A14-07078.raw	Escherichia coli BW25113	uniprot_UP000029103_23-02-23_BW25113	FALSE	
PXD000498	A14-07080.raw	Escherichia coli BW25113	uniprot_UP000029103_23-02-23_BW25113	FALSE	
PXD000498	A14-07081.raw	Escherichia coli BW25113	uniprot_UP000029103_23-02-23_BW25113	FALSE	
PXD000498	A14-07082.raw	Escherichia coli BW25113	uniprot_UP000029103_23-02-23_BW25113	FALSE	
PXD000498	A14-07084.raw	Escherichia coli BW25113	uniprot_UP000029103_23-02-23_BW25113	FALSE	
PXD000498	A14-07085.raw	Escherichia coli BW25113	uniprot_UP000029103_23-02-23_BW25113	FALSE	
PXD000498	A14-07086.raw	Escherichia coli BW25113	uniprot_UP000029103_23-02-23_BW25113	FALSE	
PXD000498	A14-07088.raw	Escherichia coli BW25113	uniprot_UP000029103_23-02-23_BW25113	FALSE	
PXD000498	A14-07089.raw	Escherichia coli BW25113	uniprot_UP000029103_23-02-23_BW25113	FALSE	
PXD000498	A14-07090.raw	Escherichia coli BW25113	uniprot_UP000029103_23-02-23_BW25113	FALSE	
PXD000498	A14-07092.raw	Escherichia coli BW25113	uniprot_UP000029103_23-02-23_BW25113	FALSE	
PXD000498	A14-07093.raw	Escherichia coli BW25113	uniprot_UP000029103_23-02-23_BW25113	FALSE	
PXD000498	A14-07094.raw	Escherichia coli BW25113	uniprot_UP000029103_23-02-23_BW25113	FALSE	
PXD000498	A14-07096.raw	Escherichia coli BW25113	uniprot_UP000029103_23-02-23_BW25113	FALSE	
PXD000498	A14-07097.raw	Escherichia coli BW25113	uniprot_UP000029103_23-02-23_BW25113	FALSE	
PXD000498	A14-07098.raw	Escherichia coli BW25113	uniprot_UP000029103_23-02-23_BW25113	FALSE	
PXD000498	A14-07100.raw	Escherichia coli BW25113	uniprot_UP000029103_23-02-23_BW25113	FALSE	
PXD000498	A14-07101.raw	Escherichia coli BW25113	uniprot_UP000029103_23-02-23_BW25113	FALSE	
PXD000498	A14-07102.raw	Escherichia coli BW25113	uniprot_UP000029103_23-02-23_BW25113	FALSE	
PXD000498	A14-07104.raw	Escherichia coli BW25113	uniprot_UP000029103_23-02-23_BW25113	FALSE	
PXD000498	A14-07106.raw	Escherichia coli BW25113	uniprot_UP000029103_23-02-23_BW25113	FALSE	
PXD000498	A14-07107.raw	Escherichia coli BW25113	uniprot_UP000029103_23-02-23_BW25113	FALSE	
PXD000498	A14-07109.raw	Escherichia coli BW25113	uniprot_UP000029103_23-02-23_BW25113	FALSE	
PXD000498	A14-07110.raw	Escherichia coli BW25113	uniprot_UP000029103_23-02-23_BW25113	FALSE	
PXD000498	A14-07111.raw	Escherichia coli BW25113	uniprot_UP000029103_23-02-23_BW25113	FALSE	
PXD000498	A14-07113.raw	Escherichia coli BW25113	uniprot_UP000029103_23-02-23_BW25113	FALSE	
PXD000498	A14-07114.raw	Escherichia coli BW25113	uniprot_UP000029103_23-02-23_BW25113	FALSE	
PXD000498	A14-07115.raw	Escherichia coli BW25113	uniprot_UP000029103_23-02-23_BW25113	FALSE	
PXD000498	A14-07117.raw	Escherichia coli BW25113	uniprot_UP000029103_23-02-23_BW25113	FALSE	
PXD000498	A14-07118.raw	Escherichia coli BW25113	uniprot_UP000029103_23-02-23_BW25113	FALSE	
PXD000498	A14-07119.raw	Escherichia coli BW25113	uniprot_UP000029103_23-02-23_BW25113	FALSE	
PXD000498	A14-07121.raw	Escherichia coli BW25113	uniprot_UP000029103_23-02-23_BW25113	FALSE	
PXD000498	A14-07122.raw	Escherichia coli BW25113	uniprot_UP000029103_23-02-23_BW25113	FALSE	
PXD000498	A14-07123.raw	Escherichia coli BW25113	uniprot_UP000029103_23-02-23_BW25113	FALSE	
PXD000498	A14-07125.raw	Escherichia coli BW25113	uniprot_UP000029103_23-02-23_BW25113	FALSE	
PXD000498	A14-07126.raw	Escherichia coli BW25113	uniprot_UP000029103_23-02-23_BW25113	FALSE	
PXD000498	A14-07127.raw	Escherichia coli BW25113	uniprot_UP000029103_23-02-23_BW25113	FALSE	
PXD007864	His_IP_1_DDA.raw	Escherichia coli str. K-12 substr. MC4100	uniprot_UP000001478_02-11-23_MC4100	FALSE	
PXD007864	IgG_IP_1_DDA.raw	Escherichia coli str. K-12 substr. MC4100	uniprot_UP000001478_02-11-23_MC4100	FALSE	
PXD011023	BBM_006_P021_SH_001.raw	Escherichia coli str. K-12 substr. MG1655	uniprot_UP000000625_17-11-22_K12	FALSE	
PXD011023	BBM_006_P021_SH_002.raw	Escherichia coli str. K-12 substr. MG1655	uniprot_UP000000625_17-11-22_K12	FALSE	
PXD011023	BBM_006_P021_SH_003.raw	Escherichia coli str. K-12 substr. MG1655	uniprot_UP000000625_17-11-22_K12	FALSE	
PXD011023	BBM_006_P021_SH_004.raw	Escherichia coli str. K-12 substr. MG1655	uniprot_UP000000625_17-11-22_K12	FALSE	
PXD011023	BBM_006_P021_SH_005.raw	Escherichia coli str. K-12 substr. MG1655	uniprot_UP000000625_17-11-22_K12	FALSE	
PXD011023	BBM_006_P021_SH_006.raw	Escherichia coli str. K-12 substr. MG1655	uniprot_UP000000625_17-11-22_K12	FALSE	
PXD011023	BBM_006_P021_SH_007.raw	Escherichia coli str. K-12 substr. MG1655	uniprot_UP000000625_17-11-22_K12	FALSE	
PXD011023	BBM_006_P021_SH_008.raw	Escherichia coli str. K-12 substr. MG1655	uniprot_UP000000625_17-11-22_K12	FALSE	
PXD011023	BBM_006_P021_SH_009.raw	Escherichia coli str. K-12 substr. MG1655	uniprot_UP000000625_17-11-22_K12	FALSE	
PXD011023	BBM_006_P021_SH_010.raw	Escherichia coli str. K-12 substr. MG1655	uniprot_UP000000625_17-11-22_K12	FALSE	
PXD011023	BBM_006_P021_SH_011.raw	Escherichia coli str. K-12 substr. MG1655	uniprot_UP000000625_17-11-22_K12	FALSE	
PXD011023	BBM_006_P021_SH_012.raw	Escherichia coli str. K-12 substr. MG1655	uniprot_UP000000625_17-11-22_K12	FALSE	
PXD011023	BBM_006_P021_SH_013.raw	Escherichia coli str. K-12 substr. MG1655	uniprot_UP000000625_17-11-22_K12	FALSE	
PXD011023	BBM_006_P021_SH_014.raw	Escherichia coli str. K-12 substr. MG1655	uniprot_UP000000625_17-11-22_K12	FALSE	
PXD011023	BBM_006_P021_SH_015.raw	Escherichia coli str. K-12 substr. MG1655	uniprot_UP000000625_17-11-22_K12	FALSE	
PXD011023	BBM_006_P021_SH_016.raw	Escherichia coli str. K-12 substr. MG1655	uniprot_UP000000625_17-11-22_K12	FALSE	
PXD011023	BBM_006_P021_SH_017.raw	Escherichia coli str. K-12 substr. MG1655	uniprot_UP000000625_17-11-22_K12	FALSE	
PXD011023	BBM_006_P021_SH_018.raw	Escherichia coli str. K-12 substr. MG1655	uniprot_UP000000625_17-11-22_K12	FALSE	
PXD011023	BBM_006_P021_SH_019.raw	Escherichia coli str. K-12 substr. MG1655	uniprot_UP000000625_17-11-22_K12	FALSE	
PXD011023	BBM_006_P021_SH_020.raw	Escherichia coli str. K-12 substr. MG1655	uniprot_UP000000625_17-11-22_K12	FALSE	
PXD011023	BBM_006_P021_SH_021.raw	Escherichia coli str. K-12 substr. MG1655	uniprot_UP000000625_17-11-22_K12	FALSE	
PXD011023	BBM_006_P021_SH_022.raw	Escherichia coli str. K-12 substr. MG1655	uniprot_UP000000625_17-11-22_K12	FALSE	
PXD011023	BBM_006_P021_SH_023.raw	Escherichia coli str. K-12 substr. MG1655	uniprot_UP000000625_17-11-22_K12	FALSE	
PXD011023	BBM_006_P021_SH_024.raw	Escherichia coli str. K-12 substr. MG1655	uniprot_UP000000625_17-11-22_K12	FALSE	
PXD011023	BBM_006_P021_SH_025.raw	Escherichia coli str. K-12 substr. MG1655	uniprot_UP000000625_17-11-22_K12	FALSE	
PXD011023	BBM_006_P021_SH_026.raw	Escherichia coli str. K-12 substr. MG1655	uniprot_UP000000625_17-11-22_K12	FALSE	
PXD011023	BBM_006_P021_SH_027.raw	Escherichia coli str. K-12 substr. MG1655	uniprot_UP000000625_17-11-22_K12	FALSE	
PXD011023	BBM_006_P021_SH_028.raw	Escherichia coli str. K-12 substr. MG1655	uniprot_UP000000625_17-11-22_K12	FALSE	
PXD011023	BBM_006_P021_SH_029.raw	Escherichia coli str. K-12 substr. MG1655	uniprot_UP000000625_17-11-22_K12	FALSE	
PXD011023	BBM_006_P021_SH_030.raw	Escherichia coli str. K-12 substr. MG1655	uniprot_UP000000625_17-11-22_K12	FALSE	
PXD011023	BBM_006_P021_SH_031.raw	Escherichia coli str. K-12 substr. MG1655	uniprot_UP000000625_17-11-22_K12	FALSE	
PXD011023	BBM_006_P021_SH_032.raw	Escherichia coli str. K-12 substr. MG1655	uniprot_UP000000625_17-11-22_K12	FALSE	
PXD013273	EC-5-33.raw	Escherichia coli str. K-12 substr. MG1655	uniprot_UP000000625_17-11-22_K12	FALSE	
PXD013273	EC-5-34.raw	Escherichia coli str. K-12 substr. MG1655	uniprot_UP000000625_17-11-22_K12	FALSE	
PXD013273	EC-5-35.raw	Escherichia coli str. K-12 substr. MG1655	uniprot_UP000000625_17-11-22_K12	FALSE	
PXD013273	EC-5-36.raw	Escherichia coli str. K-12 substr. MG1655	uniprot_UP000000625_17-11-22_K12	FALSE	
PXD013273	EC-5-37.raw	Escherichia coli str. K-12 substr. MG1655	uniprot_UP000000625_17-11-22_K12	FALSE	
PXD013273	EC-5-38.raw	Escherichia coli str. K-12 substr. MG1655	uniprot_UP000000625_17-11-22_K12	FALSE	
PXD013273	EC-5-39.raw	Escherichia coli str. K-12 substr. MG1655	uniprot_UP000000625_17-11-22_K12	FALSE	
PXD013273	EC-5-40.raw	Escherichia coli str. K-12 substr. MG1655	uniprot_UP000000625_17-11-22_K12	FALSE	
PXD013273	EC-6-1.raw	Escherichia coli str. K-12 substr. MG1655	uniprot_UP000000625_17-11-22_K12	FALSE	
PXD013273	EC-6-2.raw	Escherichia coli str. K-12 substr. MG1655	uniprot_UP000000625_17-11-22_K12	FALSE	
PXD013273	EC-6-3.raw	Escherichia coli str. K-12 substr. MG1655	uniprot_UP000000625_17-11-22_K12	FALSE	
PXD013273	EC-6-4.raw	Escherichia coli str. K-12 substr. MG1655	uniprot_UP000000625_17-11-22_K12	FALSE	
PXD013273	EC-6-5.raw	Escherichia coli str. K-12 substr. MG1655	uniprot_UP000000625_17-11-22_K12	FALSE	
PXD013273	EC-6-6.raw	Escherichia coli str. K-12 substr. MG1655	uniprot_UP000000625_17-11-22_K12	FALSE	
PXD013273	EC-6-7.raw	Escherichia coli str. K-12 substr. MG1655	uniprot_UP000000625_17-11-22_K12	FALSE	
PXD013273	EC-6-8.raw	Escherichia coli str. K-12 substr. MG1655	uniprot_UP000000625_17-11-22_K12	FALSE	
PXD013273	EC-9-1.raw	Escherichia coli str. K-12 substr. MG1655	uniprot_UP000000625_17-11-22_K12	FALSE	
PXD013273	EC-9-10.raw	Escherichia coli str. K-12 substr. MG1655	uniprot_UP000000625_17-11-22_K12	FALSE	
PXD013273	EC-9-11.raw	Escherichia coli str. K-12 substr. MG1655	uniprot_UP000000625_17-11-22_K12	FALSE	
PXD013273	EC-9-12.raw	Escherichia coli str. K-12 substr. MG1655	uniprot_UP000000625_17-11-22_K12	FALSE	
PXD013273	EC-9-2.raw	Escherichia coli str. K-12 substr. MG1655	uniprot_UP000000625_17-11-22_K12	FALSE	
PXD013273	EC-9-3.raw	Escherichia coli str. K-12 substr. MG1655	uniprot_UP000000625_17-11-22_K12	FALSE	
PXD013273	EC-9-4.raw	Escherichia coli str. K-12 substr. MG1655	uniprot_UP000000625_17-11-22_K12	FALSE	
PXD013273	EC-9-5.raw	Escherichia coli str. K-12 substr. MG1655	uniprot_UP000000625_17-11-22_K12	FALSE	
PXD013273	EC-9-6.raw	Escherichia coli str. K-12 substr. MG1655	uniprot_UP000000625_17-11-22_K12	FALSE	
PXD013273	EC-9-7.raw	Escherichia coli str. K-12 substr. MG1655	uniprot_UP000000625_17-11-22_K12	FALSE	
PXD013273	EC-9-8.raw	Escherichia coli str. K-12 substr. MG1655	uniprot_UP000000625_17-11-22_K12	FALSE	
PXD013273	EC-9-9.raw	Escherichia coli str. K-12 substr. MG1655	uniprot_UP000000625_17-11-22_K12	FALSE	
PXD013610	a0,5t.raw	Not available	uniprot_UP000000625_17-11-22_K12	TRUE	ion trap
PXD013610	ayt_161207182650.raw	Not available	uniprot_UP000000625_17-11-22_K12	TRUE	ion trap
PXD013610	b0,5t.raw	Not available	uniprot_UP000000625_17-11-22_K12	TRUE	ion trap
PXD013610	byt_161207194536.raw	Not available	uniprot_UP000000625_17-11-22_K12	TRUE	ion trap
PXD013610	c0,5t.raw	Not available	uniprot_UP000000625_17-11-22_K12	TRUE	ion trap
PXD013610	cyt.raw	Not available	uniprot_UP000000625_17-11-22_K12	TRUE	ion trap
PXD016074	1DLC110217QE_antiEcoli_#11_BR1_FASP1_tip1.raw	Escherichia coli str. W0153	uniprot_UP000869295_13-03-23_AB1157	TRUE	Duplicate
PXD016074	1DLC110217QE_antiEcoli_#11_BR1_FASP1_tip2.raw	Escherichia coli str. W0153	uniprot_UP000869295_13-03-23_AB1157	TRUE	Duplicate
PXD016074	1DLC110217QE_antiEcoli_#11_BR1_FASP2_tip1.raw	Escherichia coli str. W0153	uniprot_UP000869295_13-03-23_AB1157	TRUE	Duplicate
PXD016074	1DLC110217QE_antiEcoli_#11_BR1_FASP2_tip2.raw	Escherichia coli str. W0153	uniprot_UP000869295_13-03-23_AB1157	TRUE	Duplicate
PXD016074	1DLC110217QE_antiEcoli_#11_BR2_FASP1_tip1.raw	Escherichia coli str. W0153	uniprot_UP000869295_13-03-23_AB1157	TRUE	Duplicate
PXD016074	1DLC110217QE_antiEcoli_#11_BR2_FASP1_tip2.raw	Escherichia coli str. W0153	uniprot_UP000869295_13-03-23_AB1157	TRUE	Duplicate
PXD016074	1DLC110217QE_antiEcoli_#11_BR2_FASP2_tip1.raw	Escherichia coli str. W0153	uniprot_UP000869295_13-03-23_AB1157	TRUE	Duplicate
PXD016074	1DLC110217QE_antiEcoli_#11_BR2_FASP2_tip2.raw	Escherichia coli str. W0153	uniprot_UP000869295_13-03-23_AB1157	TRUE	Duplicate
PXD016074	1DLC110217QE_antiEcoli_#11_BR3_FASP1_tip1.raw	Escherichia coli str. W0153	uniprot_UP000869295_13-03-23_AB1157	TRUE	Duplicate
PXD016074	1DLC110217QE_antiEcoli_#11_BR3_FASP1_tip2.raw	Escherichia coli str. W0153	uniprot_UP000869295_13-03-23_AB1157	TRUE	Duplicate
PXD016074	1DLC110217QE_antiEcoli_#11_BR3_FASP2_tip1.raw	Escherichia coli str. W0153	uniprot_UP000869295_13-03-23_AB1157	TRUE	Duplicate
PXD016074	1DLC110217QE_antiEcoli_#11_BR3_FASP2_tip2.raw	Escherichia coli str. W0153	uniprot_UP000869295_13-03-23_AB1157	TRUE	Duplicate
PXD016074	1DLC110217QE_antiEcoli_#28_BR1_run1.raw	Escherichia coli str. W0153	uniprot_UP000869295_13-03-23_AB1157	TRUE	Duplicate
PXD016074	1DLC110217QE_antiEcoli_#28_BR1_run2.raw	Escherichia coli str. W0153	uniprot_UP000869295_13-03-23_AB1157	TRUE	Duplicate
PXD016074	1DLC110217QE_antiEcoli_#28_BR2_run1.raw	Escherichia coli str. W0153	uniprot_UP000869295_13-03-23_AB1157	TRUE	Duplicate
PXD016074	1DLC110217QE_antiEcoli_#28_BR2_run2.raw	Escherichia coli str. W0153	uniprot_UP000869295_13-03-23_AB1157	TRUE	Duplicate
PXD016074	1DLC110217QE_antiEcoli_#28_BR3_run1.raw	Escherichia coli str. W0153	uniprot_UP000869295_13-03-23_AB1157	TRUE	Duplicate
PXD016074	1DLC110217QE_antiEcoli_#28_BR3_run2.raw	Escherichia coli str. W0153	uniprot_UP000869295_13-03-23_AB1157	TRUE	Duplicate
PXD016074	1DLC110217QE_antiEcoli_#28_BR3_run3.raw	Escherichia coli str. W0153	uniprot_UP000869295_13-03-23_AB1157	TRUE	Duplicate
PXD016074	1DLC110217QE_antiEcoli_#28_BR3_run4.raw	Escherichia coli str. W0153	uniprot_UP000869295_13-03-23_AB1157	TRUE	Duplicate
PXD016001	1DLC112017QE_antiEcoli_#18_BR2_FASP2.raw	Escherichia coli str. W0153	uniprot_UP000869295_13-03-23_AB1157	FALSE	
PXD016001	1DLC112017QE_antiEcoli_#18_BR2_FASP3.raw	Escherichia coli str. W0153	uniprot_UP000869295_13-03-23_AB1157	FALSE	
PXD016001	1DLC112017QE_antiEcoli_#19_BR2_FASP1.raw	Escherichia coli str. W0153	uniprot_UP000869295_13-03-23_AB1157	FALSE	
PXD016001	1DLC112017QE_antiEcoli_#19_BR2_FASP2.raw	Escherichia coli str. W0153	uniprot_UP000869295_13-03-23_AB1157	FALSE	
PXD016001	1DLC112017QE_antiEcoli_#19_BR2_FASP3.raw	Escherichia coli str. W0153	uniprot_UP000869295_13-03-23_AB1157	FALSE	
PXD016001	1DLC112117QE_antiEcoli_#21_BR2_FASP1.raw	Escherichia coli str. W0153	uniprot_UP000869295_13-03-23_AB1157	FALSE	
PXD016001	1DLC112117QE_antiEcoli_#21_BR2_FASP2.raw	Escherichia coli str. W0153	uniprot_UP000869295_13-03-23_AB1157	FALSE	
PXD016001	1DLC112117QE_antiEcoli_#21_BR2_FASP3.raw	Escherichia coli str. W0153	uniprot_UP000869295_13-03-23_AB1157	FALSE	
PXD016001	1DLC112117QE_antiEcoli_#27_BR2_FASP1.raw	Escherichia coli str. W0153	uniprot_UP000869295_13-03-23_AB1157	FALSE	
PXD016001	1DLC112117QE_antiEcoli_#27_BR2_FASP2.raw	Escherichia coli str. W0153	uniprot_UP000869295_13-03-23_AB1157	FALSE	
PXD016001	1DLC112117QE_antiEcoli_#27_BR2_FASP3.raw	Escherichia coli str. W0153	uniprot_UP000869295_13-03-23_AB1157	FALSE	
PXD016001	1DLC112317QE_antiEcoli_#18_BR3_FASP1.raw	Escherichia coli str. W0153	uniprot_UP000869295_13-03-23_AB1157	FALSE	
PXD016001	1DLC112317QE_antiEcoli_#18_BR3_FASP2.raw	Escherichia coli str. W0153	uniprot_UP000869295_13-03-23_AB1157	FALSE	
PXD016001	1DLC112317QE_antiEcoli_#18_BR3_FASP3.raw	Escherichia coli str. W0153	uniprot_UP000869295_13-03-23_AB1157	FALSE	
PXD016001	1DLC112317QE_antiEcoli_#19_BR3_FASP1.raw	Escherichia coli str. W0153	uniprot_UP000869295_13-03-23_AB1157	FALSE	
PXD016001	1DLC112317QE_antiEcoli_#19_BR3_FASP2.raw	Escherichia coli str. W0153	uniprot_UP000869295_13-03-23_AB1157	FALSE	
PXD016001	1DLC112317QE_antiEcoli_#29_BR2_FASP1.raw	Escherichia coli str. W0153	uniprot_UP000869295_13-03-23_AB1157	FALSE	
PXD016001	1DLC112317QE_antiEcoli_#29_BR2_FASP2.raw	Escherichia coli str. W0153	uniprot_UP000869295_13-03-23_AB1157	FALSE	
PXD016001	1DLC112317QE_antiEcoli_#29_BR2_FASP3.raw	Escherichia coli str. W0153	uniprot_UP000869295_13-03-23_AB1157	FALSE	
PXD016001	1DLC112317QE_antiEcoli_#30_BR2_FASP1.raw	Escherichia coli str. W0153	uniprot_UP000869295_13-03-23_AB1157	FALSE	
PXD016001	1DLC112317QE_antiEcoli_#30_BR2_FASP2.raw	Escherichia coli str. W0153	uniprot_UP000869295_13-03-23_AB1157	FALSE	
PXD016001	1DLC112317QE_antiEcoli_#30_BR2_FASP3.raw	Escherichia coli str. W0153	uniprot_UP000869295_13-03-23_AB1157	FALSE	
PXD016001	1DLC11517QE_antiEcoli_#18_BR1_FASP1.raw	Escherichia coli str. W0153	uniprot_UP000869295_13-03-23_AB1157	FALSE	
PXD016001	1DLC11517QE_antiEcoli_#18_BR1_FASP2.raw	Escherichia coli str. W0153	uniprot_UP000869295_13-03-23_AB1157	FALSE	
PXD016001	1DLC11517QE_antiEcoli_#18_BR1_FASP3.raw	Escherichia coli str. W0153	uniprot_UP000869295_13-03-23_AB1157	FALSE	
PXD016001	1DLC11517QE_antiEcoli_#18_BR2_FASP1.raw	Escherichia coli str. W0153	uniprot_UP000869295_13-03-23_AB1157	FALSE	
PXD016001	1DLC11517QE_antiEcoli_#19_BR1_FASP1.raw	Escherichia coli str. W0153	uniprot_UP000869295_13-03-23_AB1157	FALSE	
PXD016001	1DLC11517QE_antiEcoli_#19_BR1_FASP2.raw	Escherichia coli str. W0153	uniprot_UP000869295_13-03-23_AB1157	FALSE	
PXD016001	1DLC11517QE_antiEcoli_#19_BR1_FASP3.raw	Escherichia coli str. W0153	uniprot_UP000869295_13-03-23_AB1157	FALSE	
PXD016001	1DLC11517QE_antiEcoli_#21_BR1_FASP1.raw	Escherichia coli str. W0153	uniprot_UP000869295_13-03-23_AB1157	FALSE	
PXD016001	1DLC11517QE_antiEcoli_#21_BR1_FASP2.raw	Escherichia coli str. W0153	uniprot_UP000869295_13-03-23_AB1157	FALSE	
PXD016001	1DLC11517QE_antiEcoli_#21_BR1_FASP3.raw	Escherichia coli str. W0153	uniprot_UP000869295_13-03-23_AB1157	FALSE	
PXD016001	1DLC11517QE_antiEcoli_#27_BR1_FASP1.raw	Escherichia coli str. W0153	uniprot_UP000869295_13-03-23_AB1157	FALSE	
PXD016001	1DLC11517QE_antiEcoli_#27_BR1_FASP2.raw	Escherichia coli str. W0153	uniprot_UP000869295_13-03-23_AB1157	FALSE	
PXD016001	1DLC11517QE_antiEcoli_#27_BR1_FASP3.raw	Escherichia coli str. W0153	uniprot_UP000869295_13-03-23_AB1157	FALSE	
PXD016001	1DLC11517QE_antiEcoli_#29_BR1_FASP1.raw	Escherichia coli str. W0153	uniprot_UP000869295_13-03-23_AB1157	FALSE	
PXD016001	1DLC11517QE_antiEcoli_#29_BR1_FASP2.raw	Escherichia coli str. W0153	uniprot_UP000869295_13-03-23_AB1157	FALSE	
PXD016001	1DLC11517QE_antiEcoli_#29_BR1_FASP3.raw	Escherichia coli str. W0153	uniprot_UP000869295_13-03-23_AB1157	FALSE	
PXD016001	1DLC11517QE_antiEcoli_#30_BR1_FASP1.raw	Escherichia coli str. W0153	uniprot_UP000869295_13-03-23_AB1157	FALSE	
PXD016001	1DLC11517QE_antiEcoli_#30_BR1_FASP2.raw	Escherichia coli str. W0153	uniprot_UP000869295_13-03-23_AB1157	FALSE	
PXD016001	1DLC11517QE_antiEcoli_#30_BR1_FASP3.raw	Escherichia coli str. W0153	uniprot_UP000869295_13-03-23_AB1157	FALSE	
PXD016074	1DLC110217QE_antiEcoli_#11_BR1_FASP1_tip1.raw	Escherichia coli str. W0153	uniprot_UP000869295_13-03-23_AB1157	FALSE	
PXD016074	1DLC110217QE_antiEcoli_#11_BR1_FASP1_tip2.raw	Escherichia coli str. W0153	uniprot_UP000869295_13-03-23_AB1157	FALSE	
PXD016074	1DLC110217QE_antiEcoli_#11_BR1_FASP2_tip1.raw	Escherichia coli str. W0153	uniprot_UP000869295_13-03-23_AB1157	FALSE	
PXD016074	1DLC110217QE_antiEcoli_#11_BR1_FASP2_tip2.raw	Escherichia coli str. W0153	uniprot_UP000869295_13-03-23_AB1157	FALSE	
PXD016074	1DLC110217QE_antiEcoli_#11_BR2_FASP1_tip1.raw	Escherichia coli str. W0153	uniprot_UP000869295_13-03-23_AB1157	FALSE	
PXD016074	1DLC110217QE_antiEcoli_#11_BR2_FASP1_tip2.raw	Escherichia coli str. W0153	uniprot_UP000869295_13-03-23_AB1157	FALSE	
PXD016074	1DLC110217QE_antiEcoli_#11_BR2_FASP2_tip1.raw	Escherichia coli str. W0153	uniprot_UP000869295_13-03-23_AB1157	FALSE	
PXD016074	1DLC110217QE_antiEcoli_#11_BR2_FASP2_tip2.raw	Escherichia coli str. W0153	uniprot_UP000869295_13-03-23_AB1157	FALSE	
PXD016074	1DLC110217QE_antiEcoli_#11_BR3_FASP1_tip1.raw	Escherichia coli str. W0153	uniprot_UP000869295_13-03-23_AB1157	FALSE	
PXD016074	1DLC110217QE_antiEcoli_#11_BR3_FASP1_tip2.raw	Escherichia coli str. W0153	uniprot_UP000869295_13-03-23_AB1157	FALSE	
PXD016074	1DLC110217QE_antiEcoli_#11_BR3_FASP2_tip1.raw	Escherichia coli str. W0153	uniprot_UP000869295_13-03-23_AB1157	FALSE	
PXD016074	1DLC110217QE_antiEcoli_#11_BR3_FASP2_tip2.raw	Escherichia coli str. W0153	uniprot_UP000869295_13-03-23_AB1157	FALSE	
PXD016074	1DLC110217QE_antiEcoli_#28_BR1_FASP1_tip1.raw	Escherichia coli str. W0153	uniprot_UP000869295_13-03-23_AB1157	FALSE	
PXD016074	1DLC110217QE_antiEcoli_#28_BR1_FASP1_tip2.raw	Escherichia coli str. W0153	uniprot_UP000869295_13-03-23_AB1157	FALSE	
PXD016074	1DLC110217QE_antiEcoli_#28_BR1_FASP2_tip1.raw	Escherichia coli str. W0153	uniprot_UP000869295_13-03-23_AB1157	FALSE	
PXD016074	1DLC110217QE_antiEcoli_#28_BR1_FASP2_tip2.raw	Escherichia coli str. W0153	uniprot_UP000869295_13-03-23_AB1157	FALSE	
PXD016074	1DLC110217QE_antiEcoli_#28_BR1_run1.raw	Escherichia coli str. W0153	uniprot_UP000869295_13-03-23_AB1157	FALSE	
PXD016074	1DLC110217QE_antiEcoli_#28_BR1_run2.raw	Escherichia coli str. W0153	uniprot_UP000869295_13-03-23_AB1157	FALSE	
PXD016074	1DLC110217QE_antiEcoli_#28_BR2_run1.raw	Escherichia coli str. W0153	uniprot_UP000869295_13-03-23_AB1157	FALSE	
PXD016074	1DLC110217QE_antiEcoli_#28_BR2_run2.raw	Escherichia coli str. W0153	uniprot_UP000869295_13-03-23_AB1157	FALSE	
PXD016074	1DLC110217QE_antiEcoli_#28_BR3_run1.raw	Escherichia coli str. W0153	uniprot_UP000869295_13-03-23_AB1157	FALSE	
PXD016074	1DLC110217QE_antiEcoli_#28_BR3_run2.raw	Escherichia coli str. W0153	uniprot_UP000869295_13-03-23_AB1157	FALSE	
PXD016074	1DLC110217QE_antiEcoli_#28_BR3_run3.raw	Escherichia coli str. W0153	uniprot_UP000869295_13-03-23_AB1157	FALSE	
PXD016074	1DLC110217QE_antiEcoli_#28_BR3_run4.raw	Escherichia coli str. W0153	uniprot_UP000869295_13-03-23_AB1157	FALSE	
PXD016669	QEx2_020296.raw	Escherichia coli DH5	uniprot_UP001065293_07-11-23_DH5	FALSE	
PXD016669	QEx2_020300.raw	Escherichia coli DH5	uniprot_UP001065293_07-11-23_DH5	FALSE	
PXD016669	QEx2_020322.raw	Escherichia coli DH5	uniprot_UP001065293_07-11-23_DH5	FALSE	
PXD016669	QEx2_020419.raw	Escherichia coli DH5	uniprot_UP001065293_07-11-23_DH5	FALSE	
PXD016669	QEx2_020427.raw	Escherichia coli DH5	uniprot_UP001065293_07-11-23_DH5	FALSE	
PXD016669	QEx2_020448.raw	Escherichia coli DH5	uniprot_UP001065293_07-11-23_DH5	FALSE	
PXD016669	QEx2_020460.raw	Escherichia coli DH5	uniprot_UP001065293_07-11-23_DH5	FALSE	
PXD016669	QEx2_020461.raw	Escherichia coli DH5	uniprot_UP001065293_07-11-23_DH5	FALSE	
PXD016669	QEx2_020481.raw	Escherichia coli DH5	uniprot_UP001065293_07-11-23_DH5	FALSE	
PXD016669	QEx2_020482.raw	Escherichia coli DH5	uniprot_UP001065293_07-11-23_DH5	FALSE	
PXD016669	VELOS38388.raw	Escherichia coli DH5	uniprot_UP001065293_07-11-23_DH5	TRUE	CID
PXD016669	VELOS38389.raw	Escherichia coli DH5	uniprot_UP001065293_07-11-23_DH5	TRUE	CID
PXD016669	VELOS38393.raw	Escherichia coli DH5	uniprot_UP001065293_07-11-23_DH5	TRUE	CID
PXD016669	VELOS38402.raw	Escherichia coli DH5	uniprot_UP001065293_07-11-23_DH5	TRUE	CID
PXD016669	VELOS38405.raw	Escherichia coli DH5	uniprot_UP001065293_07-11-23_DH5	TRUE	CID
PXD016669	VELOS38407.raw	Escherichia coli DH5	uniprot_UP001065293_07-11-23_DH5	TRUE	CID
PXD016669	VELOS38408.raw	Escherichia coli DH5	uniprot_UP001065293_07-11-23_DH5	TRUE	CID
PXD016669	VELOS38419.raw	Escherichia coli DH5	uniprot_UP001065293_07-11-23_DH5	TRUE	CID
PXD016669	VELOS38425.raw	Escherichia coli DH5	uniprot_UP001065293_07-11-23_DH5	TRUE	CID
PXD016669	VELOS38427.raw	Escherichia coli DH5	uniprot_UP001065293_07-11-23_DH5	TRUE	CID
PXD017618	20161222_Q1_MD_colQ1-33_Ecoli_Mat_B1bis.raw	Escherichia coli str. K-12 substr. MG1655	uniprot_UP000000625_17-11-22_K12	TRUE	Top Down
PXD017618	20161222_Q1_MD_colQ1-33_Ecoli_Mat_B2.raw	Escherichia coli str. K-12 substr. MG1655	uniprot_UP000000625_17-11-22_K12	TRUE	Top Down
PXD017618	20161222_Q1_MD_colQ1-33_Ecoli_Mat_B3.raw	Escherichia coli str. K-12 substr. MG1655	uniprot_UP000000625_17-11-22_K12	TRUE	Top Down
PXD017618	20170105_L_MaD_ColC4_Ecoli20161108-01_01.raw	Escherichia coli str. K-12 substr. MG1655	uniprot_UP000000625_17-11-22_K12	FALSE	
PXD017618	20170105_L_MaD_ColC4_Ecoli20161108-02_01.raw	Escherichia coli str. K-12 substr. MG1655	uniprot_UP000000625_17-11-22_K12	FALSE	
PXD017618	20170105_L_MaD_ColC4_Ecoli20161108-03_01.raw	Escherichia coli str. K-12 substr. MG1655	uniprot_UP000000625_17-11-22_K12	FALSE	
PXD019140	Andrew_Sue_Ecoli_E1_C1_r.raw	Escherichia coli str. K-12	uniprot_UP000000625_17-11-22_K12	FALSE	
PXD019140	Andrew_Sue_Ecoli_E10_C1.raw	Escherichia coli str. K-12	uniprot_UP000000625_17-11-22_K12	FALSE	
PXD019140	Andrew_Sue_Ecoli_E11_C1.raw	Escherichia coli str. K-12	uniprot_UP000000625_17-11-22_K12	FALSE	
PXD019140	Andrew_Sue_Ecoli_E12_C1.raw	Escherichia coli str. K-12	uniprot_UP000000625_17-11-22_K12	FALSE	
PXD019140	Andrew_Sue_Ecoli_E16_C1.raw	Escherichia coli str. K-12	uniprot_UP000000625_17-11-22_K12	FALSE	
PXD019140	Andrew_Sue_Ecoli_E17_C1.raw	Escherichia coli str. K-12	uniprot_UP000000625_17-11-22_K12	FALSE	
PXD019140	Andrew_Sue_Ecoli_E18_C1.raw	Escherichia coli str. K-12	uniprot_UP000000625_17-11-22_K12	FALSE	
PXD019140	Andrew_Sue_Ecoli_E19_C1_repeat.raw	Escherichia coli str. K-12	uniprot_UP000000625_17-11-22_K12	FALSE	
PXD019140	Andrew_Sue_Ecoli_E2_C1_r.raw	Escherichia coli str. K-12	uniprot_UP000000625_17-11-22_K12	FALSE	
PXD019140	Andrew_Sue_Ecoli_E20_C1.raw	Escherichia coli str. K-12	uniprot_UP000000625_17-11-22_K12	FALSE	
PXD019140	Andrew_Sue_Ecoli_E21_C1.raw	Escherichia coli str. K-12	uniprot_UP000000625_17-11-22_K12	FALSE	
PXD019140	Andrew_Sue_Ecoli_E22_C1.raw	Escherichia coli str. K-12	uniprot_UP000000625_17-11-22_K12	FALSE	
PXD019140	Andrew_Sue_Ecoli_E23_C1.raw	Escherichia coli str. K-12	uniprot_UP000000625_17-11-22_K12	FALSE	
PXD019140	Andrew_Sue_Ecoli_E24_C1.raw	Escherichia coli str. K-12	uniprot_UP000000625_17-11-22_K12	FALSE	
PXD019140	Andrew_Sue_Ecoli_E3_C1_r.raw	Escherichia coli str. K-12	uniprot_UP000000625_17-11-22_K12	FALSE	
PXD019140	Andrew_Sue_Ecoli_E4_C1.raw	Escherichia coli str. K-12	uniprot_UP000000625_17-11-22_K12	FALSE	
PXD019140	Andrew_Sue_Ecoli_E5_C1_r.raw	Escherichia coli str. K-12	uniprot_UP000000625_17-11-22_K12	FALSE	
PXD019140	Andrew_Sue_Ecoli_E6_C1.raw	Escherichia coli str. K-12	uniprot_UP000000625_17-11-22_K12	FALSE	
PXD019140	Andrew_Sue_Ecoli_E7_C1.raw	Escherichia coli str. K-12	uniprot_UP000000625_17-11-22_K12	FALSE	
PXD019140	Andrew_Sue_Ecoli_E8_C1.raw	Escherichia coli str. K-12	uniprot_UP000000625_17-11-22_K12	FALSE	
PXD019140	Andrew_Sue_Ecoli_E9_C1.raw	Escherichia coli str. K-12	uniprot_UP000000625_17-11-22_K12	FALSE	
PXD019288	191213_45c_1.raw	Not available	uniprot_UP000000625_17-11-22_K12	FALSE	
PXD019288	191213_45c_2.raw	Not available	uniprot_UP000000625_17-11-22_K12	FALSE	
PXD019288	191213_45c_3.raw	Not available	uniprot_UP000000625_17-11-22_K12	FALSE	
PXD019288	191213_control_30c_1.raw	Not available	uniprot_UP000000625_17-11-22_K12	FALSE	
PXD019288	191213_control_30c_2.raw	Not available	uniprot_UP000000625_17-11-22_K12	FALSE	
PXD019288	191213_control_30c_3.raw	Not available	uniprot_UP000000625_17-11-22_K12	FALSE	
PXD019288	191213_control_Ag_1.raw	Not available	uniprot_UP000000625_17-11-22_K12	FALSE	
PXD019288	191213_control_Ag_2.raw	Not available	uniprot_UP000000625_17-11-22_K12	FALSE	
PXD019288	191213_control_Ag_3.raw	Not available	uniprot_UP000000625_17-11-22_K12	FALSE	
PXD019288	191213_CuI_1.raw	Not available	uniprot_UP000000625_17-11-22_K12	FALSE	
PXD019288	191213_CuI_2.raw	Not available	uniprot_UP000000625_17-11-22_K12	FALSE	
PXD019288	191213_CuI_3.raw	Not available	uniprot_UP000000625_17-11-22_K12	FALSE	
PXD019288	191213_CuII_1.raw	Not available	uniprot_UP000000625_17-11-22_K12	FALSE	
PXD019288	191213_CuII_2.raw	Not available	uniprot_UP000000625_17-11-22_K12	FALSE	
PXD019288	191213_CuII_3.raw	Not available	uniprot_UP000000625_17-11-22_K12	FALSE	
PXD019288	191213_CuII_GSH_1.raw	Not available	uniprot_UP000000625_17-11-22_K12	FALSE	
PXD019288	191213_CuII_GSH_2.raw	Not available	uniprot_UP000000625_17-11-22_K12	FALSE	
PXD019288	191213_CuII_GSH_3.raw	Not available	uniprot_UP000000625_17-11-22_K12	FALSE	
PXD022070	Map-2-1.raw	Escherichia coli BW25993	uniprot_UP000029103_23-02-23_BW25113	FALSE	
PXD022070	Map-2-2.raw	Escherichia coli BW25993	uniprot_UP000029103_23-02-23_BW25113	FALSE	
PXD022070	Map-2-25.raw	Escherichia coli BW25993	uniprot_UP000029103_23-02-23_BW25113	FALSE	
PXD022070	Map-2-26.raw	Escherichia coli BW25993	uniprot_UP000029103_23-02-23_BW25113	FALSE	
PXD022070	Map-2-27.raw	Escherichia coli BW25993	uniprot_UP000029103_23-02-23_BW25113	FALSE	
PXD022070	Map-2-28.raw	Escherichia coli BW25993	uniprot_UP000029103_23-02-23_BW25113	FALSE	
PXD022070	Map-2-29.raw	Escherichia coli BW25993	uniprot_UP000029103_23-02-23_BW25113	FALSE	
PXD022070	Map-2-3.raw	Escherichia coli BW25993	uniprot_UP000029103_23-02-23_BW25113	FALSE	
PXD022070	Map-2-30.raw	Escherichia coli BW25993	uniprot_UP000029103_23-02-23_BW25113	FALSE	
PXD022070	Map-2-4.raw	Escherichia coli BW25993	uniprot_UP000029103_23-02-23_BW25113	FALSE	
PXD022070	Map-2-5.raw	Escherichia coli BW25993	uniprot_UP000029103_23-02-23_BW25113	FALSE	
PXD022070	Map-2-6.raw	Escherichia coli BW25993	uniprot_UP000029103_23-02-23_BW25113	FALSE	
PXD022070	Map-3-10.raw	Escherichia coli BW25993	uniprot_UP000029103_23-02-23_BW25113	FALSE	
PXD022070	Map-3-11.raw	Escherichia coli BW25993	uniprot_UP000029103_23-02-23_BW25113	FALSE	
PXD022070	Map-3-12.raw	Escherichia coli BW25993	uniprot_UP000029103_23-02-23_BW25113	FALSE	
PXD022070	Map-3-13.raw	Escherichia coli BW25993	uniprot_UP000029103_23-02-23_BW25113	FALSE	
PXD022070	Map-3-14.raw	Escherichia coli BW25993	uniprot_UP000029103_23-02-23_BW25113	FALSE	
PXD022070	Map-3-15.raw	Escherichia coli BW25993	uniprot_UP000029103_23-02-23_BW25113	FALSE	
PXD022070	Map-3-16.raw	Escherichia coli BW25993	uniprot_UP000029103_23-02-23_BW25113	FALSE	
PXD022070	Map-3-17.raw	Escherichia coli BW25993	uniprot_UP000029103_23-02-23_BW25113	FALSE	
PXD022070	Map-3-18.raw	Escherichia coli BW25993	uniprot_UP000029103_23-02-23_BW25113	FALSE	
PXD022070	Map-3-19.raw	Escherichia coli BW25993	uniprot_UP000029103_23-02-23_BW25113	FALSE	
PXD022070	Map-3-1re.raw	Escherichia coli BW25993	uniprot_UP000029103_23-02-23_BW25113	FALSE	
PXD022070	Map-3-2.raw	Escherichia coli BW25993	uniprot_UP000029103_23-02-23_BW25113	FALSE	
PXD022070	Map-3-20.raw	Escherichia coli BW25993	uniprot_UP000029103_23-02-23_BW25113	FALSE	
PXD022070	Map-3-21.raw	Escherichia coli BW25993	uniprot_UP000029103_23-02-23_BW25113	FALSE	
PXD022070	Map-3-22.raw	Escherichia coli BW25993	uniprot_UP000029103_23-02-23_BW25113	FALSE	
PXD022070	Map-3-23.raw	Escherichia coli BW25993	uniprot_UP000029103_23-02-23_BW25113	FALSE	
PXD022070	Map-3-24.raw	Escherichia coli BW25993	uniprot_UP000029103_23-02-23_BW25113	FALSE	
PXD022070	Map-3-3.raw	Escherichia coli BW25993	uniprot_UP000029103_23-02-23_BW25113	FALSE	
PXD022070	Map-3-4.raw	Escherichia coli BW25993	uniprot_UP000029103_23-02-23_BW25113	FALSE	
PXD022070	Map-3-5.raw	Escherichia coli BW25993	uniprot_UP000029103_23-02-23_BW25113	FALSE	
PXD022070	Map-3-6.raw	Escherichia coli BW25993	uniprot_UP000029103_23-02-23_BW25113	FALSE	
PXD022070	Map-3-7.raw	Escherichia coli BW25993	uniprot_UP000029103_23-02-23_BW25113	FALSE	
PXD022070	Map-3-8.raw	Escherichia coli BW25993	uniprot_UP000029103_23-02-23_BW25113	FALSE	
PXD022070	Map-3-9.raw	Escherichia coli BW25993	uniprot_UP000029103_23-02-23_BW25113	FALSE	
PXD022070	Map-4-10.raw	Escherichia coli BW25993	uniprot_UP000029103_23-02-23_BW25113	FALSE	
PXD022070	Map-4-11.raw	Escherichia coli BW25993	uniprot_UP000029103_23-02-23_BW25113	FALSE	
PXD022070	Map-4-12.raw	Escherichia coli BW25993	uniprot_UP000029103_23-02-23_BW25113	FALSE	
PXD022070	Map-4-13.raw	Escherichia coli BW25993	uniprot_UP000029103_23-02-23_BW25113	FALSE	
PXD022070	Map-4-14.raw	Escherichia coli BW25993	uniprot_UP000029103_23-02-23_BW25113	FALSE	
PXD022070	Map-4-15.raw	Escherichia coli BW25993	uniprot_UP000029103_23-02-23_BW25113	FALSE	
PXD022070	Map-4-16.raw	Escherichia coli BW25993	uniprot_UP000029103_23-02-23_BW25113	FALSE	
PXD022070	Map-4-17.raw	Escherichia coli BW25993	uniprot_UP000029103_23-02-23_BW25113	FALSE	
PXD022070	Map-4-18.raw	Escherichia coli BW25993	uniprot_UP000029103_23-02-23_BW25113	FALSE	
PXD022070	Map-4-1re.raw	Escherichia coli BW25993	uniprot_UP000029103_23-02-23_BW25113	FALSE	
PXD022070	Map-4-2.raw	Escherichia coli BW25993	uniprot_UP000029103_23-02-23_BW25113	FALSE	
PXD022070	Map-4-3.raw	Escherichia coli BW25993	uniprot_UP000029103_23-02-23_BW25113	FALSE	
PXD022070	Map-4-4.raw	Escherichia coli BW25993	uniprot_UP000029103_23-02-23_BW25113	FALSE	
PXD022070	Map-4-5.raw	Escherichia coli BW25993	uniprot_UP000029103_23-02-23_BW25113	FALSE	
PXD022070	Map-4-6.raw	Escherichia coli BW25993	uniprot_UP000029103_23-02-23_BW25113	FALSE	
PXD022070	Map-4-7.raw	Escherichia coli BW25993	uniprot_UP000029103_23-02-23_BW25113	FALSE	
PXD022070	Map-4-8.raw	Escherichia coli BW25993	uniprot_UP000029103_23-02-23_BW25113	FALSE	
PXD022070	Map-4-9.raw	Escherichia coli BW25993	uniprot_UP000029103_23-02-23_BW25113	FALSE	
PXD022070	Map-5-10.raw	Escherichia coli BW25993	uniprot_UP000029103_23-02-23_BW25113	FALSE	
PXD022070	Map-5-11.raw	Escherichia coli BW25993	uniprot_UP000029103_23-02-23_BW25113	FALSE	
PXD022070	Map-5-12.raw	Escherichia coli BW25993	uniprot_UP000029103_23-02-23_BW25113	FALSE	
PXD022070	Map-5-13.raw	Escherichia coli BW25993	uniprot_UP000029103_23-02-23_BW25113	FALSE	
PXD022070	Map-5-14.raw	Escherichia coli BW25993	uniprot_UP000029103_23-02-23_BW25113	FALSE	
PXD022070	Map-5-15.raw	Escherichia coli BW25993	uniprot_UP000029103_23-02-23_BW25113	FALSE	
PXD022070	Map-5-16.raw	Escherichia coli BW25993	uniprot_UP000029103_23-02-23_BW25113	FALSE	
PXD022070	Map-5-17.raw	Escherichia coli BW25993	uniprot_UP000029103_23-02-23_BW25113	FALSE	
PXD022070	Map-5-18.raw	Escherichia coli BW25993	uniprot_UP000029103_23-02-23_BW25113	FALSE	
PXD022070	Map-5-7.raw	Escherichia coli BW25993	uniprot_UP000029103_23-02-23_BW25113	FALSE	
PXD022070	Map-5-8.raw	Escherichia coli BW25993	uniprot_UP000029103_23-02-23_BW25113	FALSE	
PXD022070	Map-5-9.raw	Escherichia coli BW25993	uniprot_UP000029103_23-02-23_BW25113	FALSE	
PXD022070	Map-6-1.raw	Escherichia coli BW25993	uniprot_UP000029103_23-02-23_BW25113	FALSE	
PXD022070	Map-6-10.raw	Escherichia coli BW25993	uniprot_UP000029103_23-02-23_BW25113	FALSE	
PXD022070	Map-6-11.raw	Escherichia coli BW25993	uniprot_UP000029103_23-02-23_BW25113	FALSE	
PXD022070	Map-6-12.raw	Escherichia coli BW25993	uniprot_UP000029103_23-02-23_BW25113	FALSE	
PXD022070	Map-6-13.raw	Escherichia coli BW25993	uniprot_UP000029103_23-02-23_BW25113	FALSE	
PXD022070	Map-6-14.raw	Escherichia coli BW25993	uniprot_UP000029103_23-02-23_BW25113	FALSE	
PXD022070	Map-6-15.raw	Escherichia coli BW25993	uniprot_UP000029103_23-02-23_BW25113	FALSE	
PXD022070	Map-6-16.raw	Escherichia coli BW25993	uniprot_UP000029103_23-02-23_BW25113	FALSE	
PXD022070	Map-6-17.raw	Escherichia coli BW25993	uniprot_UP000029103_23-02-23_BW25113	FALSE	
PXD022070	Map-6-18.raw	Escherichia coli BW25993	uniprot_UP000029103_23-02-23_BW25113	FALSE	
PXD022070	Map-6-19.raw	Escherichia coli BW25993	uniprot_UP000029103_23-02-23_BW25113	FALSE	
PXD022070	Map-6-2.raw	Escherichia coli BW25993	uniprot_UP000029103_23-02-23_BW25113	FALSE	
PXD022070	Map-6-20.raw	Escherichia coli BW25993	uniprot_UP000029103_23-02-23_BW25113	FALSE	
PXD022070	Map-6-21.raw	Escherichia coli BW25993	uniprot_UP000029103_23-02-23_BW25113	FALSE	
PXD022070	Map-6-22.raw	Escherichia coli BW25993	uniprot_UP000029103_23-02-23_BW25113	FALSE	
PXD022070	Map-6-23.raw	Escherichia coli BW25993	uniprot_UP000029103_23-02-23_BW25113	FALSE	
PXD022070	Map-6-24.raw	Escherichia coli BW25993	uniprot_UP000029103_23-02-23_BW25113	FALSE	
PXD022070	Map-6-25.raw	Escherichia coli BW25993	uniprot_UP000029103_23-02-23_BW25113	FALSE	
PXD022070	Map-6-26.raw	Escherichia coli BW25993	uniprot_UP000029103_23-02-23_BW25113	FALSE	
PXD022070	Map-6-27.raw	Escherichia coli BW25993	uniprot_UP000029103_23-02-23_BW25113	FALSE	
PXD022070	Map-6-28.raw	Escherichia coli BW25993	uniprot_UP000029103_23-02-23_BW25113	FALSE	
PXD022070	Map-6-29.raw	Escherichia coli BW25993	uniprot_UP000029103_23-02-23_BW25113	FALSE	
PXD022070	Map-6-3.raw	Escherichia coli BW25993	uniprot_UP000029103_23-02-23_BW25113	FALSE	
PXD022070	Map-6-30.raw	Escherichia coli BW25993	uniprot_UP000029103_23-02-23_BW25113	FALSE	
PXD022070	Map-6-31.raw	Escherichia coli BW25993	uniprot_UP000029103_23-02-23_BW25113	FALSE	
PXD022070	Map-6-32.raw	Escherichia coli BW25993	uniprot_UP000029103_23-02-23_BW25113	FALSE	
PXD022070	Map-6-33.raw	Escherichia coli BW25993	uniprot_UP000029103_23-02-23_BW25113	FALSE	
PXD022070	Map-6-34.raw	Escherichia coli BW25993	uniprot_UP000029103_23-02-23_BW25113	FALSE	
PXD022070	Map-6-35.raw	Escherichia coli BW25993	uniprot_UP000029103_23-02-23_BW25113	FALSE	
PXD022070	Map-6-36.raw	Escherichia coli BW25993	uniprot_UP000029103_23-02-23_BW25113	FALSE	
PXD022070	Map-6-37.raw	Escherichia coli BW25993	uniprot_UP000029103_23-02-23_BW25113	FALSE	
PXD022070	Map-6-38.raw	Escherichia coli BW25993	uniprot_UP000029103_23-02-23_BW25113	FALSE	
PXD022070	Map-6-39.raw	Escherichia coli BW25993	uniprot_UP000029103_23-02-23_BW25113	FALSE	
PXD022070	Map-6-4.raw	Escherichia coli BW25993	uniprot_UP000029103_23-02-23_BW25113	FALSE	
PXD022070	Map-6-40.raw	Escherichia coli BW25993	uniprot_UP000029103_23-02-23_BW25113	FALSE	
PXD022070	Map-6-41.raw	Escherichia coli BW25993	uniprot_UP000029103_23-02-23_BW25113	FALSE	
PXD022070	Map-6-42.raw	Escherichia coli BW25993	uniprot_UP000029103_23-02-23_BW25113	FALSE	
PXD022070	Map-6-43.raw	Escherichia coli BW25993	uniprot_UP000029103_23-02-23_BW25113	FALSE	
PXD022070	Map-6-44.raw	Escherichia coli BW25993	uniprot_UP000029103_23-02-23_BW25113	FALSE	
PXD022070	Map-6-45.raw	Escherichia coli BW25993	uniprot_UP000029103_23-02-23_BW25113	FALSE	
PXD022070	Map-6-46.raw	Escherichia coli BW25993	uniprot_UP000029103_23-02-23_BW25113	FALSE	
PXD022070	Map-6-47.raw	Escherichia coli BW25993	uniprot_UP000029103_23-02-23_BW25113	FALSE	
PXD022070	Map-6-48.raw	Escherichia coli BW25993	uniprot_UP000029103_23-02-23_BW25113	FALSE	
PXD022070	Map-6-49.raw	Escherichia coli BW25993	uniprot_UP000029103_23-02-23_BW25113	FALSE	
PXD022070	Map-6-5.raw	Escherichia coli BW25993	uniprot_UP000029103_23-02-23_BW25113	FALSE	
PXD022070	Map-6-50.raw	Escherichia coli BW25993	uniprot_UP000029103_23-02-23_BW25113	FALSE	
PXD022070	Map-6-51.raw	Escherichia coli BW25993	uniprot_UP000029103_23-02-23_BW25113	FALSE	
PXD022070	Map-6-52.raw	Escherichia coli BW25993	uniprot_UP000029103_23-02-23_BW25113	FALSE	
PXD022070	Map-6-53.raw	Escherichia coli BW25993	uniprot_UP000029103_23-02-23_BW25113	FALSE	
PXD022070	Map-6-54.raw	Escherichia coli BW25993	uniprot_UP000029103_23-02-23_BW25113	FALSE	
PXD022070	Map-6-55.raw	Escherichia coli BW25993	uniprot_UP000029103_23-02-23_BW25113	FALSE	
PXD022070	Map-6-56.raw	Escherichia coli BW25993	uniprot_UP000029103_23-02-23_BW25113	FALSE	
PXD022070	Map-6-57.raw	Escherichia coli BW25993	uniprot_UP000029103_23-02-23_BW25113	FALSE	
PXD022070	Map-6-58.raw	Escherichia coli BW25993	uniprot_UP000029103_23-02-23_BW25113	FALSE	
PXD022070	Map-6-59.raw	Escherichia coli BW25993	uniprot_UP000029103_23-02-23_BW25113	FALSE	
PXD022070	Map-6-6.raw	Escherichia coli BW25993	uniprot_UP000029103_23-02-23_BW25113	FALSE	
PXD022070	Map-6-60.raw	Escherichia coli BW25993	uniprot_UP000029103_23-02-23_BW25113	FALSE	
PXD022070	Map-6-61.raw	Escherichia coli BW25993	uniprot_UP000029103_23-02-23_BW25113	FALSE	
PXD022070	Map-6-62.raw	Escherichia coli BW25993	uniprot_UP000029103_23-02-23_BW25113	FALSE	
PXD022070	Map-6-63.raw	Escherichia coli BW25993	uniprot_UP000029103_23-02-23_BW25113	FALSE	
PXD022070	Map-6-64.raw	Escherichia coli BW25993	uniprot_UP000029103_23-02-23_BW25113	FALSE	
PXD022070	Map-6-65.raw	Escherichia coli BW25993	uniprot_UP000029103_23-02-23_BW25113	FALSE	
PXD022070	Map-6-66.raw	Escherichia coli BW25993	uniprot_UP000029103_23-02-23_BW25113	FALSE	
PXD022070	Map-6-67.raw	Escherichia coli BW25993	uniprot_UP000029103_23-02-23_BW25113	FALSE	
PXD022070	Map-6-68.raw	Escherichia coli BW25993	uniprot_UP000029103_23-02-23_BW25113	FALSE	
PXD022070	Map-6-69.raw	Escherichia coli BW25993	uniprot_UP000029103_23-02-23_BW25113	FALSE	
PXD022070	Map-6-7.raw	Escherichia coli BW25993	uniprot_UP000029103_23-02-23_BW25113	FALSE	
PXD022070	Map-6-70.raw	Escherichia coli BW25993	uniprot_UP000029103_23-02-23_BW25113	FALSE	
PXD022070	Map-6-71.raw	Escherichia coli BW25993	uniprot_UP000029103_23-02-23_BW25113	FALSE	
PXD022070	Map-6-72.raw	Escherichia coli BW25993	uniprot_UP000029103_23-02-23_BW25113	FALSE	
PXD022070	Map-6-73.raw	Escherichia coli BW25993	uniprot_UP000029103_23-02-23_BW25113	FALSE	
PXD022070	Map-6-74.raw	Escherichia coli BW25993	uniprot_UP000029103_23-02-23_BW25113	FALSE	
PXD022070	Map-6-75.raw	Escherichia coli BW25993	uniprot_UP000029103_23-02-23_BW25113	FALSE	
PXD022070	Map-6-76.raw	Escherichia coli BW25993	uniprot_UP000029103_23-02-23_BW25113	FALSE	
PXD022070	Map-6-77.raw	Escherichia coli BW25993	uniprot_UP000029103_23-02-23_BW25113	FALSE	
PXD022070	Map-6-78.raw	Escherichia coli BW25993	uniprot_UP000029103_23-02-23_BW25113	FALSE	
PXD022070	Map-6-79.raw	Escherichia coli BW25993	uniprot_UP000029103_23-02-23_BW25113	FALSE	
PXD022070	Map-6-8.raw	Escherichia coli BW25993	uniprot_UP000029103_23-02-23_BW25113	FALSE	
PXD022070	Map-6-80.raw	Escherichia coli BW25993	uniprot_UP000029103_23-02-23_BW25113	FALSE	
PXD022070	Map-6-81.raw	Escherichia coli BW25993	uniprot_UP000029103_23-02-23_BW25113	FALSE	
PXD022070	Map-6-82.raw	Escherichia coli BW25993	uniprot_UP000029103_23-02-23_BW25113	FALSE	
PXD022070	Map-6-83.raw	Escherichia coli BW25993	uniprot_UP000029103_23-02-23_BW25113	FALSE	
PXD022070	Map-6-84.raw	Escherichia coli BW25993	uniprot_UP000029103_23-02-23_BW25113	FALSE	
PXD022070	Map-6-9.raw	Escherichia coli BW25993	uniprot_UP000029103_23-02-23_BW25113	FALSE	
PXD022070	Map-7-1.raw	Escherichia coli BW25993	uniprot_UP000029103_23-02-23_BW25113	FALSE	
PXD022070	Map-7-10.raw	Escherichia coli BW25993	uniprot_UP000029103_23-02-23_BW25113	FALSE	
PXD022070	Map-7-11.raw	Escherichia coli BW25993	uniprot_UP000029103_23-02-23_BW25113	FALSE	
PXD022070	Map-7-12.raw	Escherichia coli BW25993	uniprot_UP000029103_23-02-23_BW25113	FALSE	
PXD022070	Map-7-13.raw	Escherichia coli BW25993	uniprot_UP000029103_23-02-23_BW25113	FALSE	
PXD022070	Map-7-14.raw	Escherichia coli BW25993	uniprot_UP000029103_23-02-23_BW25113	FALSE	
PXD022070	Map-7-15.raw	Escherichia coli BW25993	uniprot_UP000029103_23-02-23_BW25113	FALSE	
PXD022070	Map-7-16.raw	Escherichia coli BW25993	uniprot_UP000029103_23-02-23_BW25113	FALSE	
PXD022070	Map-7-17.raw	Escherichia coli BW25993	uniprot_UP000029103_23-02-23_BW25113	FALSE	
PXD022070	Map-7-18.raw	Escherichia coli BW25993	uniprot_UP000029103_23-02-23_BW25113	FALSE	
PXD022070	Map-7-19.raw	Escherichia coli BW25993	uniprot_UP000029103_23-02-23_BW25113	FALSE	
PXD022070	Map-7-2.raw	Escherichia coli BW25993	uniprot_UP000029103_23-02-23_BW25113	FALSE	
PXD022070	Map-7-20.raw	Escherichia coli BW25993	uniprot_UP000029103_23-02-23_BW25113	FALSE	
PXD022070	Map-7-21.raw	Escherichia coli BW25993	uniprot_UP000029103_23-02-23_BW25113	FALSE	
PXD022070	Map-7-22.raw	Escherichia coli BW25993	uniprot_UP000029103_23-02-23_BW25113	FALSE	
PXD022070	Map-7-23.raw	Escherichia coli BW25993	uniprot_UP000029103_23-02-23_BW25113	FALSE	
PXD022070	Map-7-24.raw	Escherichia coli BW25993	uniprot_UP000029103_23-02-23_BW25113	FALSE	
PXD022070	Map-7-25.raw	Escherichia coli BW25993	uniprot_UP000029103_23-02-23_BW25113	FALSE	
PXD022070	Map-7-26.raw	Escherichia coli BW25993	uniprot_UP000029103_23-02-23_BW25113	FALSE	
PXD022070	Map-7-27.raw	Escherichia coli BW25993	uniprot_UP000029103_23-02-23_BW25113	FALSE	
PXD022070	Map-7-28.raw	Escherichia coli BW25993	uniprot_UP000029103_23-02-23_BW25113	FALSE	
PXD022070	Map-7-29.raw	Escherichia coli BW25993	uniprot_UP000029103_23-02-23_BW25113	FALSE	
PXD022070	Map-7-3.raw	Escherichia coli BW25993	uniprot_UP000029103_23-02-23_BW25113	FALSE	
PXD022070	Map-7-30.raw	Escherichia coli BW25993	uniprot_UP000029103_23-02-23_BW25113	FALSE	
PXD022070	Map-7-31.raw	Escherichia coli BW25993	uniprot_UP000029103_23-02-23_BW25113	FALSE	
PXD022070	Map-7-32.raw	Escherichia coli BW25993	uniprot_UP000029103_23-02-23_BW25113	FALSE	
PXD022070	Map-7-33.raw	Escherichia coli BW25993	uniprot_UP000029103_23-02-23_BW25113	FALSE	
PXD022070	Map-7-34.raw	Escherichia coli BW25993	uniprot_UP000029103_23-02-23_BW25113	FALSE	
PXD022070	Map-7-35.raw	Escherichia coli BW25993	uniprot_UP000029103_23-02-23_BW25113	FALSE	
PXD022070	Map-7-36.raw	Escherichia coli BW25993	uniprot_UP000029103_23-02-23_BW25113	FALSE	
PXD022070	Map-7-4.raw	Escherichia coli BW25993	uniprot_UP000029103_23-02-23_BW25113	FALSE	
PXD022070	Map-7-5.raw	Escherichia coli BW25993	uniprot_UP000029103_23-02-23_BW25113	FALSE	
PXD022070	Map-7-6.raw	Escherichia coli BW25993	uniprot_UP000029103_23-02-23_BW25113	FALSE	
PXD022070	Map-7-7.raw	Escherichia coli BW25993	uniprot_UP000029103_23-02-23_BW25113	FALSE	
PXD022070	Map-7-8.raw	Escherichia coli BW25993	uniprot_UP000029103_23-02-23_BW25113	FALSE	
PXD022070	Map-7-9.raw	Escherichia coli BW25993	uniprot_UP000029103_23-02-23_BW25113	FALSE	
PXD022526	MS-19-014-1-x30.raw	Escherichia coli str. K-12 substr. MG1655	uniprot_UP000000625_17-11-22_K12	FALSE	
PXD022526	MS-19-014-2-x30.raw	Escherichia coli str. K-12 substr. MG1655	uniprot_UP000000625_17-11-22_K12	FALSE	
PXD022526	MS-19-014-3-x30.raw	Escherichia coli str. K-12 substr. MG1655	uniprot_UP000000625_17-11-22_K12	FALSE	
PXD022526	MS-19-014-4-x30.raw	Escherichia coli str. K-12 substr. MG1655	uniprot_UP000000625_17-11-22_K12	FALSE	
PXD022526	MS-19-014-5-x30.raw	Escherichia coli str. K-12 substr. MG1655	uniprot_UP000000625_17-11-22_K12	FALSE	
PXD022526	MS-19-014-6-x30.raw	Escherichia coli str. K-12 substr. MG1655	uniprot_UP000000625_17-11-22_K12	FALSE	
PXD022526	MS-19-014-7-x30.raw	Escherichia coli str. K-12 substr. MG1655	uniprot_UP000000625_17-11-22_K12	FALSE	
PXD022526	MS-19-014-8-x30.raw	Escherichia coli str. K-12 substr. MG1655	uniprot_UP000000625_17-11-22_K12	FALSE	
PXD022526	MS-19-014-9-x30.raw	Escherichia coli str. K-12 substr. MG1655	uniprot_UP000000625_17-11-22_K12	FALSE	
PXD024138	20200608_TEB_2h_5-35_EC_atrdef1exp_C_1ug_1.raw	Escherichia coli ATCC 25922	uniprot_UP000014099_23-02-23_ATCC25922	FALSE	
PXD024138	20200608_TEB_2h_5-35_EC_atrdef1exp_C_1ug_3.raw	Escherichia coli ATCC 25922	uniprot_UP000014099_23-02-23_ATCC25922	FALSE	
PXD024138	20200608_TEB_2h_5-35_EC_atrdef1exp_C_1ug_4.raw	Escherichia coli ATCC 25922	uniprot_UP000014099_23-02-23_ATCC25922	FALSE	
PXD024138	20200608_TEB_2h_5-35_EC_atrdef1exp_C_1ug_5.raw	Escherichia coli ATCC 25922	uniprot_UP000014099_23-02-23_ATCC25922	FALSE	
PXD024138	20200608_TEB_2h_5-35_EC_atrdef1exp_H_1ug_2.raw	Escherichia coli ATCC 25922	uniprot_UP000014099_23-02-23_ATCC25922	FALSE	
PXD024138	20200608_TEB_2h_5-35_EC_atrdef1exp_H_1ug_3.raw	Escherichia coli ATCC 25922	uniprot_UP000014099_23-02-23_ATCC25922	FALSE	
PXD024138	20200608_TEB_2h_5-35_EC_atrdef1exp_H_1ug_4.raw	Escherichia coli ATCC 25922	uniprot_UP000014099_23-02-23_ATCC25922	FALSE	
PXD024138	20200608_TEB_2h_5-35_EC_atrdef1exp_h_1ug_5.raw	Escherichia coli ATCC 25922	uniprot_UP000014099_23-02-23_ATCC25922	FALSE	
PXD025088	20200203_PWS_Ec_NC101_1_20200203183016.raw	Escherichia coli NC101	uniprot_UP000005190_23-02-23_NC101	FALSE	
PXD025088	20200203_PWS_Ec_NC101_10.raw	Escherichia coli NC101	uniprot_UP000005190_23-02-23_NC101	FALSE	
PXD025088	20200203_PWS_Ec_NC101_11.raw	Escherichia coli NC101	uniprot_UP000005190_23-02-23_NC101	FALSE	
PXD025088	20200203_PWS_Ec_NC101_12.raw	Escherichia coli NC101	uniprot_UP000005190_23-02-23_NC101	FALSE	
PXD025088	20200203_PWS_Ec_NC101_13.raw	Escherichia coli NC101	uniprot_UP000005190_23-02-23_NC101	FALSE	
PXD025088	20200203_PWS_Ec_NC101_14.raw	Escherichia coli NC101	uniprot_UP000005190_23-02-23_NC101	FALSE	
PXD025088	20200203_PWS_Ec_NC101_15.raw	Escherichia coli NC101	uniprot_UP000005190_23-02-23_NC101	FALSE	
PXD025088	20200203_PWS_Ec_NC101_16.raw	Escherichia coli NC101	uniprot_UP000005190_23-02-23_NC101	FALSE	
PXD025088	20200203_PWS_Ec_NC101_2.raw	Escherichia coli NC101	uniprot_UP000005190_23-02-23_NC101	FALSE	
PXD025088	20200203_PWS_Ec_NC101_3.raw	Escherichia coli NC101	uniprot_UP000005190_23-02-23_NC101	FALSE	
PXD025088	20200203_PWS_Ec_NC101_4.raw	Escherichia coli NC101	uniprot_UP000005190_23-02-23_NC101	FALSE	
PXD025088	20200203_PWS_Ec_NC101_5.raw	Escherichia coli NC101	uniprot_UP000005190_23-02-23_NC101	FALSE	
PXD025088	20200203_PWS_Ec_NC101_6.raw	Escherichia coli NC101	uniprot_UP000005190_23-02-23_NC101	FALSE	
PXD025088	20200203_PWS_Ec_NC101_7.raw	Escherichia coli NC101	uniprot_UP000005190_23-02-23_NC101	FALSE	
PXD025088	20200203_PWS_Ec_NC101_8.raw	Escherichia coli NC101	uniprot_UP000005190_23-02-23_NC101	FALSE	
PXD025088	20200203_PWS_Ec_NC101_9.raw	Escherichia coli NC101	uniprot_UP000005190_23-02-23_NC101	FALSE	
PXD025706	P20200701485_CONTROL_1.raw	Not available	uniprot_UP000000625_17-11-22_K12	FALSE	
PXD025706	P20200701485_CONTROL_2.raw	Not available	uniprot_UP000000625_17-11-22_K12	FALSE	
PXD025706	P20200701485_CONTROL_3.raw	Not available	uniprot_UP000000625_17-11-22_K12	FALSE	
PXD025706	P20200701485_TREAT_1.raw	Not available	uniprot_UP000000625_17-11-22_K12	FALSE	
PXD025706	P20200701485_TREAT_2.raw	Not available	uniprot_UP000000625_17-11-22_K12	FALSE	
PXD025706	P20200701485_TREAT_3.raw	Not available	uniprot_UP000000625_17-11-22_K12	FALSE	
PXD025706	P20201002962_PRM_control-1.raw	Not available	uniprot_UP000000625_17-11-22_K12	FALSE	
PXD025706	P20201002962_PRM_control-2.raw	Not available	uniprot_UP000000625_17-11-22_K12	FALSE	
PXD025706	P20201002962_PRM_control-3.raw	Not available	uniprot_UP000000625_17-11-22_K12	FALSE	
PXD025706	P20201002962_PRM_treat-1.raw	Not available	uniprot_UP000000625_17-11-22_K12	FALSE	
PXD025706	P20201002962_PRM_treat-2.raw	Not available	uniprot_UP000000625_17-11-22_K12	FALSE	
PXD025706	P20201002962_PRM_treat-3.raw	Not available	uniprot_UP000000625_17-11-22_K12	FALSE	
PXD029931	210308_03_Orbi2_KN_SER_G180_T210_K2rmas_1-83-2_2,25ug_iRT_150pg.raw	Escherichia coli str. K-12 substr. MG1655	uniprot_UP000000625_17-11-22_K12	FALSE	
PXD029931	210308_05_Orbi2_KN_SER_G180_T210_K2rmas_3-84-6_2,25ug_iRT_150pg.raw	Escherichia coli str. K-12 substr. MG1655	uniprot_UP000000625_17-11-22_K12	FALSE	
PXD029931	210308_07_Orbi2_KN_SER_G180_T210_K2rmas_3-83-3_2,25ug_iRT_150pg.raw	Escherichia coli str. K-12 substr. MG1655	uniprot_UP000000625_17-11-22_K12	FALSE	
PXD029931	210308_09_Orbi2_KN_SER_G180_T210_K2rmas_4-84-6_2,25ug_iRT_150pg.raw	Escherichia coli str. K-12 substr. MG1655	uniprot_UP000000625_17-11-22_K12	FALSE	
PXD029931	210308_11_Orbi2_KN_SER_G180_T210_K2rmas_1-84-6_2,25ug_iRT_150pg.raw	Escherichia coli str. K-12 substr. MG1655	uniprot_UP000000625_17-11-22_K12	FALSE	
PXD029931	210308_13_Orbi2_KN_SER_G180_T210_K2rmas_1-84-4_2,25ug_iRT_150pg.raw	Escherichia coli str. K-12 substr. MG1655	uniprot_UP000000625_17-11-22_K12	FALSE	
PXD029931	210308_15_Orbi2_KN_SER_G180_T210_K2rmas_3-83-2_2,25ug_iRT_150pg.raw	Escherichia coli str. K-12 substr. MG1655	uniprot_UP000000625_17-11-22_K12	FALSE	
PXD029931	210308_17_Orbi2_KN_SER_G180_T210_K2rmas_3-84-4_2,25ug_iRT_150pg.raw	Escherichia coli str. K-12 substr. MG1655	uniprot_UP000000625_17-11-22_K12	FALSE	
PXD029931	210309_01_Orbi2_KN_SER_G180_T210_K2rmas_4-84-5_2,25ug_iRT_150pg.raw	Escherichia coli str. K-12 substr. MG1655	uniprot_UP000000625_17-11-22_K12	FALSE	
PXD029931	210309_03_Orbi2_KN_SER_G180_T210_K2rmas_4-83-1_2,25ug_iRT_150pg.raw	Escherichia coli str. K-12 substr. MG1655	uniprot_UP000000625_17-11-22_K12	FALSE	
PXD029931	210309_05_Orbi2_KN_SER_G180_T210_K2rmas_3-84-3_2,25ug_iRT_150pg.raw	Escherichia coli str. K-12 substr. MG1655	uniprot_UP000000625_17-11-22_K12	FALSE	
PXD029931	210309_07_Orbi2_KN_SER_G180_T210_K2rmas_1-83-3_2,25ug_iRT_150pg.raw	Escherichia coli str. K-12 substr. MG1655	uniprot_UP000000625_17-11-22_K12	FALSE	
PXD029931	210309_09_Orbi2_KN_SER_G180_T210_K2rmas_1-84-5_2,25ug_iRT_150pg.raw	Escherichia coli str. K-12 substr. MG1655	uniprot_UP000000625_17-11-22_K12	FALSE	
PXD029931	210309_11_Orbi2_KN_SER_G180_T210_K2rmas_4-83-2_2,25ug_iRT_150pg.raw	Escherichia coli str. K-12 substr. MG1655	uniprot_UP000000625_17-11-22_K12	FALSE	
PXD029931	210309_13_Orbi2_KN_SER_G180_T210_K2rmas_2-84-8_2,25ug_iRT_150pg.raw	Escherichia coli str. K-12 substr. MG1655	uniprot_UP000000625_17-11-22_K12	FALSE	
PXD029931	210309_15_Orbi2_KN_SER_G180_T210_K2rmas_1-83-1_2,25ug_iRT_150pg.raw	Escherichia coli str. K-12 substr. MG1655	uniprot_UP000000625_17-11-22_K12	FALSE	
PXD029931	210311_01_Orbi2_SK_SER_G180_T210_K2rmas_2-84-11_2,25ug_iRT_150pg.raw	Escherichia coli str. K-12 substr. MG1655	uniprot_UP000000625_17-11-22_K12	FALSE	
PXD029931	210311_03_Orbi2_SK_SER_G180_T210_K2rmas_4-83-3_2,25ug_iRT_150pg.raw	Escherichia coli str. K-12 substr. MG1655	uniprot_UP000000625_17-11-22_K12	FALSE	
PXD029931	210311_05_Orbi2_SK_SER_G180_T210_K2rmas_4-84-4_2,25ug_iRT_150pg.raw	Escherichia coli str. K-12 substr. MG1655	uniprot_UP000000625_17-11-22_K12	FALSE	
PXD029931	210311_07_Orbi2_SK_SER_G180_T210_K2rmas_3-83-1_2,25ug_iRT_150pg.raw	Escherichia coli str. K-12 substr. MG1655	uniprot_UP000000625_17-11-22_K12	FALSE	
PXD029931	210311_09_Orbi2_SK_SER_G180_T210_K2rmas_2-84-10_2,25ug_iRT_150pg.raw	Escherichia coli str. K-12 substr. MG1655	uniprot_UP000000625_17-11-22_K12	FALSE	
PXD032954	210129_mCherry_TrypsinLysC_3h.raw	Not available	uniprot_UP000000625_17-11-22_K12	FALSE	
PXD032954	210129_mCherry_TrypsinLysC.raw	Not available	uniprot_UP000000625_17-11-22_K12	FALSE	
PXD032954	210129_mCherry_TrypsinOnly_3h.raw	Not available	uniprot_UP000000625_17-11-22_K12	FALSE	
PXD032954	210129_mCherry_TrypsinOnly.raw	Not available	uniprot_UP000000625_17-11-22_K12	FALSE	